threshold,accuracy,precision_class_0,precision_class_1,recall_class_0,recall_class_1,f1_class_0,f1_class_1,macro_f1,roc_auc,brier,tn,fp,fn,tp,dataset,threshold_tag
0.5,0.7402597402597403,0.8488372093023255,0.6029411764705882,0.73,0.7592592592592593,0.7849462365591398,0.6721311475409836,0.7285386920500616,0.8196296296296296,0.17949067704902,73,27,13,41,internal_pima,default
0.46,0.7272727272727273,0.881578947368421,0.5769230769230769,0.67,0.8333333333333334,0.7613636363636364,0.6818181818181818,0.7215909090909091,0.8196296296296296,0.17949067704902,67,33,9,45,internal_pima,internal_optimal
0.5,0.8901723831526568,0.9118267203373587,0.6146341463414634,0.967853509664293,0.3539325842696629,0.939005132254244,0.44919786096256686,0.6941014966084054,0.7537928492233131,0.10525421156631118,4757,158,460,252,external_nhanes,default
0.46,0.888572951839346,0.9135802469135802,0.5959367945823928,0.9635808748728383,0.3707865168539326,0.9379146450143578,0.45714285714285713,0.6975287510786075,0.7537928492233131,0.10525421156631118,4736,179,448,264,external_nhanes,internal_optimal
